Timestamp,Product Title,Variant Title,SKU,Price,Event Type,Quantity,Previous Stock,Current Stock,Product URL
2026-07-19 11:03:53,Antique Floral Anklets,Default Title,63,1299.0,Sale,1,40,39,https://www.daivik.in/products/antique-floral-anklets?variant=gid://shopify/ProductVariant/46512599269598
2026-07-19 11:03:53,AD Designer Openable Kada,Default Title,1700,499.0,Sale,1,55,54,https://www.daivik.in/products/ad-designer-openable-kada?variant=gid://shopify/ProductVariant/47564482576606
2026-07-19 11:03:53,Lakshmi AD Kada (Price for a Pair),Default Title,1734,499.0,Sale,1,16,15,https://www.daivik.in/products/lakshmi-ad-kada-price-for-a-pair?variant=gid://shopify/ProductVariant/47678095163614
2026-07-19 11:03:53,Invisible Ganesha Chain in Two Colors,Baby Pink,672,999.0,Sale,1,3,2,https://www.daivik.in/products/invisible-green-ganesha-chain?variant=gid://shopify/ProductVariant/48447550390494
2026-07-19 11:17:04,"Ruby Guttapusalu Necklace with earrings (Price for Combo, Short and Long)",Short,962,1499.0,Sale,1,53,52,https://www.daivik.in/products/ruby-guttapusalu-necklace-with-earrings?variant=gid://shopify/ProductVariant/47292618768606
2026-07-19 11:17:04,Lotus Pearl Necklace with Studs (Price for Each),Green,1259,599.0,Sale,2,21,19,https://www.daivik.in/products/l?variant=gid://shopify/ProductVariant/46679641784542
2026-07-19 11:32:19,AD RubyGreen Jhumkas with attached Mattals,Default Title,920,999.0,Sale,1,36,35,https://www.daivik.in/products/ad-rubygreen-jhumkas-with-attached-mattel-s?variant=gid://shopify/ProductVariant/45363709771998
2026-07-19 11:32:19,"Jyothika Mam Inspired AD Green Pendant Necklace (Prices for Short, Long and Combo)",Short,1295,799.0,Sale,1,46,45,https://www.daivik.in/products/jyothika-mam-inspired-ad-green-pendant-necklace?variant=gid://shopify/ProductVariant/47092708573406
2026-07-19 11:32:19,Peacock Antique Pearl Jhumkas,Default Title,1687,1999.0,Sale,1,47,46,https://www.daivik.in/products/peacock-antique-pearl-jhumkas?variant=gid://shopify/ProductVariant/47534240825566
2026-07-19 11:32:19,Jathi Malli Pink Shade Flower Reusable Gajra,8 Inches String - Half Moolam,3501,1299.0,Sale,1,7,6,https://www.daivik.in/products/jathi-malli-pink-shade-flower-reusable-gajra-16-inches?variant=gid://shopify/ProductVariant/47542602006750
2026-07-19 11:32:19,AD Designer Openable Kada,Default Title,1700,499.0,Sale,1,54,53,https://www.daivik.in/products/ad-designer-openable-kada?variant=gid://shopify/ProductVariant/47564482576606
2026-07-19 11:32:19,Manga Non piercing Nose Pin,Default Title,1753,199.0,Sale,1,31,30,https://www.daivik.in/products/mango-non-piercing-nose-pin?variant=gid://shopify/ProductVariant/47740729884894
2026-07-19 11:47:04,Guttaspusalu Long Haram With Cluster of Pearls,Default Title,215,3499.0,Sale,1,10,9,https://www.daivik.in/products/215?variant=gid://shopify/ProductVariant/34432330399897
2026-07-19 11:47:04,Handmade Lotus Flower U Pin,5,3539,799.0,Sale,1,17,16,https://www.daivik.in/products/handmade-lotus-flower-u-pin?variant=gid://shopify/ProductVariant/48294879297758
2026-07-19 11:47:04,AD Pearl Flower Bangles,2.4,1903,1799.0,Sale,1,5,4,https://www.daivik.in/products/ad-pearl-flower-bangle?variant=gid://shopify/ProductVariant/48306973311198
2026-07-19 12:03:17,Peacock Kemp Earcuffs,Default Title,823,1299.0,Sale,1,13,12,https://www.daivik.in/products/peacock-kemp-earcuffs?variant=gid://shopify/ProductVariant/40886249291929
2026-07-19 12:03:17,Antique Lakshmi white stone Bangles,2.10,73,799.0,Sale,1,9,8,https://www.daivik.in/products/antique-lakshmi-white-stone-bangles?variant=gid://shopify/ProductVariant/46111852888286
2026-07-19 12:03:17,AD Flower Layer Jhumkas,Green,1663,599.0,Sale,1,18,17,https://www.daivik.in/products/ad-flower-layer-jhumkas?variant=gid://shopify/ProductVariant/47471681732830
2026-07-19 12:03:17,Antique Lakshmi Choker with Earrings,Default Title,1372,1199.0,Sale,1,3,2,https://www.daivik.in/products/antique-lakshmi-choker-with-earrings-1?variant=gid://shopify/ProductVariant/47990312534238
2026-07-19 12:03:17,Kundan Ghungroo Adjustable Bracelet Watch,Default Title,1890,799.0,Sale,1,23,22,https://www.daivik.in/products/kundan-ghungroo-adjustable-bracelet-watch?variant=gid://shopify/ProductVariant/48278181413086
2026-07-19 12:03:17,AD Leaf Pattern Small Earcuff,Default Title,1898,799.0,Sale,1,18,17,https://www.daivik.in/products/ad-leaf-pattern-small-earcuff?variant=gid://shopify/ProductVariant/48292120756446
2026-07-19 12:03:17,Openable Peacock Kada with Interchangeable Colour Bangles (10 Shades),2.8,1924,2299.0,Sale,1,4,3,https://www.daivik.in/products/10-in-1-changeable-bangles?variant=gid://shopify/ProductVariant/48422119538910
2026-07-19 12:33:22,Rice Pearl Kemp Green Beads Jhumkas,Default Title,720,1499.0,Sale,1,25,24,https://www.daivik.in/products/rice-pearl-kemp-green-beads-jhumkas?variant=gid://shopify/ProductVariant/44866326364382
2026-07-19 12:33:22,Lakshmi AD Chotti/Jada Billai,Default Title,1884,1099.0,Sale,1,35,34,https://www.daivik.in/products/lakshmi-ad-chotti-jada-billai?variant=gid://shopify/ProductVariant/48234497802462
2026-07-19 13:03:34,Simple Ruby and pearl choker with earrings,Default Title,538,999.0,Sale,1,40,39,https://www.daivik.in/products/a-327?variant=gid://shopify/ProductVariant/43546226196702
2026-07-19 13:32:26,Lakshmi Coin Necklace,Default Title,176,1899.0,New Arrival,30,0,30,https://www.daivik.in/products/lakshmi-coin-necklace-1?variant=gid://shopify/ProductVariant/48448997163230
2026-07-19 13:47:08,AD Pendant Mangalsutra with Studs,Default Title,1117,999.0,Sale,2,30,28,https://www.daivik.in/products/ad-pendant-mangalsutra-with-studs?variant=gid://shopify/ProductVariant/45905761435870
2026-07-19 13:47:08,Elegant Bloomed Jasmine Flower Artificial Gajra,8 Inches String - Half Moolam,3502,1299.0,Sale,1,25,24,https://www.daivik.in/products/elegant-bloomed-jasmine-flower-artificial-gajra-16-inches?variant=gid://shopify/ProductVariant/47542601154782
2026-07-19 13:47:08,Ruby Green Pearl Jali Necklace,Default Title,860,1799.0,Sale,1,20,19,https://www.daivik.in/products/ruby-green-pearl-jali-necklace?variant=gid://shopify/ProductVariant/48443125137630
2026-07-19 14:03:53,"Jyothika Mam Inspired AD Green Pendant Necklace (Prices for Short, Long and Combo)",Short,1295,799.0,Sale,1,45,44,https://www.daivik.in/products/jyothika-mam-inspired-ad-green-pendant-necklace?variant=gid://shopify/ProductVariant/47092708573406
2026-07-19 14:32:20,Evergreen Lotus Ruby Bangle,2.8,1623,799.0,Sale,1,28,27,https://www.daivik.in/products/evergreen-lotus-ruby-bangle?variant=gid://shopify/ProductVariant/47066164101342
2026-07-19 14:32:20,Diamond Look Alike AD Kada in Two Colors (Price for each),Ruby,1917,1499.0,Sale,1,4,3,https://www.daivik.in/products/untitled-jun22_11-39-48?variant=gid://shopify/ProductVariant/48375886119134
2026-07-19 14:41:25,Openable Peacock Kada with Interchangeable Colour Bangles (10 Shades),2.4,1924,2299.0,Sale,1,3,2,https://www.daivik.in/products/10-in-1-changeable-bangles?variant=gid://shopify/ProductVariant/48422119473374
2026-07-19 14:47:39,Set of 4 Ruby bangles,2.6,114,1299.0,Sale,1,33,32,https://www.daivik.in/products/set-of-4-ruby-bangles?variant=gid://shopify/ProductVariant/42350501888222
2026-07-19 14:47:39,Pearl Kemp Pendant Short Haram with Earrings,Default Title,441,1299.0,Sale,1,55,54,https://www.daivik.in/products/pearl-kemp-pendant-short-haram-with-earrings?variant=gid://shopify/ProductVariant/42596492411102
2026-07-19 14:47:39,Lakshmi AD Choker with Jhumkas,Default Title,494,1199.0,Sale,1,41,40,https://www.daivik.in/products/lakshmi-ad-choker-with-jhumkas?variant=gid://shopify/ProductVariant/44633010929886
2026-07-19 14:47:39,AD RubyGreen Jhumkas with attached Mattals,Default Title,920,999.0,Sale,1,35,34,https://www.daivik.in/products/ad-rubygreen-jhumkas-with-attached-mattel-s?variant=gid://shopify/ProductVariant/45363709771998
2026-07-19 14:47:39,Invisible Flower Chain with Earrings in Two Variants (Price for Each),Purple,309,799.0,Sale,1,54,53,https://www.daivik.in/products/invisible-flower-chain-with-earrings-in-two-vaiants-price-for-each?variant=gid://shopify/ProductVariant/46622024335582
2026-07-19 14:47:39,Peacock Lakshmi Long Chain with Jhumkas in Two Colors (Prices for Each),Ruby,1270,1099.0,Sale,1,50,49,https://www.daivik.in/products/peacock-lakshmi-long-chain-with-jhumkas?variant=gid://shopify/ProductVariant/46838455337182
2026-07-19 14:47:39,Pearl Kemp Pendant Hasli Necklace with Earrings,Default Title,1312,799.0,Sale,1,16,15,https://www.daivik.in/products/pearl-kemp-pendant-hasli-necklace-with-earrings?variant=gid://shopify/ProductVariant/47082104389854
2026-07-19 14:47:39,Pure Kemp Lotus Jhumka with Mattals,Default Title,1763,1499.0,Sale,1,21,20,https://www.daivik.in/products/pure-kemp-lotus-jhumka-with-mattals?variant=gid://shopify/ProductVariant/47777295696094
2026-07-19 14:47:39,Lotus Ruby Green Pure kemp Invisible chain with Earrings,Default Title,1391,1999.0,Sale,1,13,12,https://www.daivik.in/products/lotus-ruby-green-invisible-chain-with-earrings?variant=gid://shopify/ProductVariant/48308560658654
2026-07-19 14:47:39,Openable Peacock Kada with Interchangeable Colour Bangles (10 Shades),2.6,1924,2299.0,Sale,1,13,12,https://www.daivik.in/products/10-in-1-changeable-bangles?variant=gid://shopify/ProductVariant/48422119506142
2026-07-19 14:47:39,AD Changeable simple gold finish necklace with earrings,Default Title,51,1299.0,Sold Out,1,1,0,https://www.daivik.in/products/a-18?variant=gid://shopify/ProductVariant/44091056062686
2026-07-19 16:03:18,AD Mesh Necklace with Studs in 5 Colours ( Price for Each ),Dark Green,1335,649.0,Sale,1,8,7,https://www.daivik.in/products/ad-mesh-necklace-with-studs-in-5-colours-price-for-each?variant=gid://shopify/ProductVariant/47669942223070
2026-07-19 16:03:18,Kundan Lotus Coin / Kasumalai Handmade Hair Pin,Default Title,3540,149.0,Sale,1,9,8,https://www.daivik.in/products/kundan-lotus-coin-kasumalai-handmade-hair-pin?variant=gid://shopify/ProductVariant/48279058645214
2026-07-19 16:03:18,Palakka Lakshmi Coin Necklace,Default Title,529,1299.0,New Arrival,20,0,20,https://www.daivik.in/products/palakka-lakshmi-coin-necklace?variant=gid://shopify/ProductVariant/48448997294302
2026-07-19 16:17:06,Antique Floral Anklets,Default Title,63,1299.0,Sale,1,39,38,https://www.daivik.in/products/antique-floral-anklets?variant=gid://shopify/ProductVariant/46512599269598
2026-07-19 16:33:26,Diamond Look Alike Hasli Necklace with Earrings,Default Title,1388,1399.0,Sale,1,16,15,https://www.daivik.in/products/a-31?variant=gid://shopify/ProductVariant/48267346772190
2026-07-19 16:33:26,Victorian Flower Pendant Necklace with Earrings,Default Title,283,3499.0,Restock,5,0,5,https://www.daivik.in/products/victorian-flower-pendant-necklace-with-earrings?variant=gid://shopify/ProductVariant/48423947796702
2026-07-19 16:47:54,AD changeable studs,Default Title,106,799.0,Sale,1,32,31,https://www.daivik.in/products/ad-changeable-studs?variant=gid://shopify/ProductVariant/44192837632222
2026-07-19 16:47:54,Two line Necklace with Earrings,Default Title,708,2299.0,Sale,1,18,17,https://www.daivik.in/products/two-line-necklace-with-earrings?variant=gid://shopify/ProductVariant/45333722759390
2026-07-19 17:02:32,Two line Mossanite Necklace with Earrings,Default Title,626,4499.0,Sold Out,1,1,0,https://www.daivik.in/products/two-line-mossanite-necklace-with-earrings?variant=gid://shopify/ProductVariant/47810921201886
2026-07-19 17:17:05,Floral Uncut Kemp jhumkas,Default Title,865,1499.0,Sale,1,54,53,https://www.daivik.in/products/floral-uncut-kemp-jhumkas?variant=gid://shopify/ProductVariant/41139968311449
2026-07-19 17:17:05,AD Lakshmi Jhumkas,Default Title,192,799.0,Sale,1,23,22,https://www.daivik.in/products/ad-lakshmi-jhumkas?variant=gid://shopify/ProductVariant/44262122389726
2026-07-19 17:17:05,Premium AD mattal,Default Title,1508,1299.0,Sale,1,11,10,https://www.daivik.in/products/premium-ad-mattal?variant=gid://shopify/ProductVariant/45974972793054
2026-07-19 17:17:05,Kemp lotus Jhumkas in 2 colours,Default Title,1562,1299.0,Sale,1,19,18,https://www.daivik.in/products/kemp-lotus-jhumkas-in-2-colours?variant=gid://shopify/ProductVariant/46309259018462
2026-07-19 17:17:05,Antique Pearl Jhumkas,Default Title,1568,1299.0,Sale,1,49,48,https://www.daivik.in/products/antique-pearl-jhumkas?variant=gid://shopify/ProductVariant/46331546632414
2026-07-19 17:17:05,Rice Pearl Ruby Green Hoop Jhumkas,Default Title,1660,699.0,Sale,1,31,30,https://www.daivik.in/products/rice-pearl-ruby-green-hoop-jhumkas?variant=gid://shopify/ProductVariant/47465934127326
2026-07-19 17:17:05,AD Bangles Combo (Price for Both Hands),2.6,1733,1399.0,Sale,1,34,33,https://www.daivik.in/products/ad-bangles-combo-price-for-both-hands?variant=gid://shopify/ProductVariant/47675040596190
2026-07-19 17:48:15,Kemp Ad necklace with earrings,Default Title,661,1499.0,Sale,1,28,27,https://www.daivik.in/products/kemp-ad-necklace-with-earrings?variant=gid://shopify/ProductVariant/39476421460121
2026-07-19 17:48:15,Openable Peacock Kada with Interchangeable Colour Bangles (10 Shades),2.8,1924,2299.0,Sale,1,3,2,https://www.daivik.in/products/10-in-1-changeable-bangles?variant=gid://shopify/ProductVariant/48422119538910
2026-07-19 17:48:15,Simple Leaf Invisible Chain,Default Title,377,499.0,Sale,1,22,21,https://www.daivik.in/products/simple-leaf-invisible-chain?variant=gid://shopify/ProductVariant/48434484150494
2026-07-19 18:03:30,AD Pendant Flower Necklace with Earrings,Default Title,1266,1699.0,Sale,1,17,16,https://www.daivik.in/products/ad-pendant-flower-necklace-with-earrings?variant=gid://shopify/ProductVariant/46813927243998
2026-07-19 18:12:29,Elephant Leaf Short Haram with Earrings,Default Title,891,1899.0,Sale,1,18,17,https://www.daivik.in/products/elephant-leaf-short-haram-with-earrings?variant=gid://shopify/ProductVariant/41272155963545
2026-07-19 18:12:29,Simple 3D Antique teeka,Default Title,193,1399.0,Sale,1,17,16,https://www.daivik.in/products/simple-3d-antique-teeka?variant=gid://shopify/ProductVariant/44265001812190
2026-07-19 18:12:29,Gold Finish AD Moap Chain (26 Inches),Default Title,1285,1599.0,Sale,1,17,16,https://www.daivik.in/products/gold-finish-ad-moap-chain-26-inches?variant=gid://shopify/ProductVariant/47034436813022
2026-07-19 18:33:30,AD Stone Choker With Earrings,Default Title,279,1999.0,Sale,1,37,36,https://www.daivik.in/products/green-ad-stone-choker-with-earrings?variant=gid://shopify/ProductVariant/43498731733214
2026-07-19 18:47:41,Openable Peacock Kada with Interchangeable Colour Bangles (10 Shades),2.6,1924,2299.0,Sale,1,12,11,https://www.daivik.in/products/10-in-1-changeable-bangles?variant=gid://shopify/ProductVariant/48422119506142
2026-07-19 19:02:40,Antique Ruby Green Hasli with Balis,Default Title,862,1299.0,Sale,1,18,17,https://www.daivik.in/products/antique-ruby-green-necklace-with-balis?variant=gid://shopify/ProductVariant/44960557859038
2026-07-19 19:47:04,Invisible Flower Chain with Earrings in Two Variants (Price for Each),Purple,309,799.0,Sale,1,53,52,https://www.daivik.in/products/invisible-flower-chain-with-earrings-in-two-vaiants-price-for-each?variant=gid://shopify/ProductVariant/46622024335582
2026-07-19 19:47:04,Pearl Kemp Pendant Hasli Necklace with Earrings,Default Title,1312,799.0,Sale,1,15,14,https://www.daivik.in/products/pearl-kemp-pendant-hasli-necklace-with-earrings?variant=gid://shopify/ProductVariant/47082104389854
2026-07-19 19:47:04,Invisible Green Flower Chain With Earrings,Default Title,521,799.0,Sale,1,7,6,https://www.daivik.in/products/invisible-green-flower-chain-with-earrings?variant=gid://shopify/ProductVariant/47522415182046
2026-07-19 19:47:04,Diamond Look Alike Hasli Necklace with Earrings,Default Title,1388,1399.0,Sale,1,15,14,https://www.daivik.in/products/a-31?variant=gid://shopify/ProductVariant/48267346772190
2026-07-19 20:48:05,Manga Non piercing Nose Pin,Default Title,1753,199.0,Sale,1,30,29,https://www.daivik.in/products/mango-non-piercing-nose-pin?variant=gid://shopify/ProductVariant/47740729884894
2026-07-19 20:48:05,Carved Moissanite Necklace with Earrings,Default Title,282,1299.0,Sale,1,37,36,https://www.daivik.in/products/carved-moissanite-necklace-with-earrings?variant=gid://shopify/ProductVariant/47758182514910
2026-07-19 21:03:41,Victorian Pearl Necklace with studs,Green,415,6999.0,Sale,1,15,14,https://www.daivik.in/products/a-397?variant=gid://shopify/ProductVariant/43933817733342
2026-07-19 21:03:41,Two Layered AD Flower Color Stone Necklace with Earrings in 2 Variants,Pink Stone,795,1499.0,Sale,1,13,12,https://www.daivik.in/products/two-layered-ad-flower-color-stone-necklace-with-earrings?variant=gid://shopify/ProductVariant/44736076644574
2026-07-19 21:03:41,Two line Kids/Adult Pearl Choker with Studs,Default Title,825,999.0,Sale,1,7,6,https://www.daivik.in/products/two-line-kids-adult-pearl-choker-with-studs?variant=gid://shopify/ProductVariant/44815359410398
2026-07-19 21:03:41,Antique Floral Anklets,Default Title,63,1299.0,Sale,1,38,37,https://www.daivik.in/products/antique-floral-anklets?variant=gid://shopify/ProductVariant/46512599269598
2026-07-19 21:03:41,Invisible AD Leaf Necklace with Earrings in two Colors (Price for Each),Ruby Green,982,699.0,Sale,1,30,29,https://www.daivik.in/products/invisible-ad-leaf-necklace-with-earrings-in-two-colors-price-for-each?variant=gid://shopify/ProductVariant/46601934045406
2026-07-19 21:03:41,AD Multi Layered Big Balis in 3 Colors (Price for Each),Ruby Green,1619,1999.0,Sale,1,14,13,https://www.daivik.in/products/ad-multi-layered-big-balis-in-3-colors-price-for-each?variant=gid://shopify/ProductVariant/47018651091166
2026-07-19 21:03:41,AD Floral Pendant Hasli Necklace with Earrings in Two Colors (Price for Each),Purple,742,1799.0,Sale,1,8,7,https://www.daivik.in/products/ad-floral-pendant-hasli-necklace-with-earrings-in-two-colors-price-for-each?variant=gid://shopify/ProductVariant/47029482356958
2026-07-19 21:03:41,Victorian Flower Pendant Necklace with Earrings,Default Title,283,3499.0,Sale,1,5,4,https://www.daivik.in/products/victorian-flower-pendant-necklace-with-earrings?variant=gid://shopify/ProductVariant/48423947796702
2026-07-19 21:17:07,Antique RubyGreen AD Bangles,2.8,475,999.0,Sale,1,17,16,https://www.daivik.in/products/antique-rubygreen-ad-bangles?variant=gid://shopify/ProductVariant/44985289933022
2026-07-19 21:17:07,Temple Lakshmi Bridal Bangles Combo (Price for Both Hands),2.8,1659,5499.0,Sale,1,8,7,https://www.daivik.in/products/temple-lakshmi-bangles?variant=gid://shopify/ProductVariant/47465039888606
2026-07-19 23:17:02,Invisible Flower Chain with Earrings,Default Title,871,799.0,Sale,1,40,39,https://www.daivik.in/products/invisible-flower-chain-with-earrings?variant=gid://shopify/ProductVariant/47043956310238
2026-07-20 01:02:43,Peacock Kemp Earcuffs,Default Title,823,1299.0,Sale,1,12,11,https://www.daivik.in/products/peacock-kemp-earcuffs?variant=gid://shopify/ProductVariant/40886249291929
2026-07-20 01:02:43,Invisible Flower Chain with Earrings,Default Title,871,799.0,Sale,1,39,38,https://www.daivik.in/products/invisible-flower-chain-with-earrings?variant=gid://shopify/ProductVariant/47043956310238
2026-07-20 01:02:43,Antique Lakshmi Pearl Hanging Necklace with Balis,Default Title,870,3599.0,Sale,1,13,12,https://www.daivik.in/products/antique-lakshmi-pearl-hanging-necklace-with-balis?variant=gid://shopify/ProductVariant/47797500575966
2026-07-20 01:02:43,Butterfly Kids/Adult Mesh Necklace with Earrings,White,361,799.0,Sold Out,2,2,0,https://www.daivik.in/products/butterfly-kids-adult-mesh-necklace-with-earrings?variant=gid://shopify/ProductVariant/44917573943518
2026-07-20 01:47:07,Simple AD Peacock Hasli Necklace,Default Title,1291,1399.0,Sale,1,2,1,https://www.daivik.in/products/simple-ad-peacock-hasli-necklace?variant=gid://shopify/ProductVariant/47057264705758
2026-07-20 03:09:31,Simple and small pure kemp jhumkas,Default Title,656,1199.0,Sale,1,29,28,https://www.daivik.in/products/simple-and-small-pure-kemp-jhumkas?variant=gid://shopify/ProductVariant/39434836574361
2026-07-20 03:09:31,Kemp Antique Jadau Choker set with Studs,Default Title,893,2999.0,Sale,1,31,30,https://www.daivik.in/products/kemp-antique-jadau-choker-set-with-studs?variant=gid://shopify/ProductVariant/44575726502110
2026-07-20 03:09:31,Kemp Peacock AD Flower pendant chain with jhumkas,Default Title,291,799.0,Sale,1,42,41,https://www.daivik.in/products/kemp-peacock-ad-flower-pendant-chain-with-jhumkas?variant=gid://shopify/ProductVariant/45488983998686
2026-07-20 03:09:31,AD Suriyan & Chandran ( Sun & Moon ),Default Title,1566,1199.0,Sale,1,45,44,https://www.daivik.in/products/ad-suriyan-chandriyan-sun-moon?variant=gid://shopify/ProductVariant/46328183259358
2026-07-20 03:09:31,Kemp Jadau Layered Earrings,Default Title,1595,1099.0,Sale,1,55,54,https://www.daivik.in/products/kemp-jadau-layered-earrings?variant=gid://shopify/ProductVariant/46640708354270
2026-07-20 03:09:31,Jathi Malli Pink Shade Flower Reusable Gajra,16 Inches String - Full Moolam,3501,2499.0,Sale,1,5,4,https://www.daivik.in/products/jathi-malli-pink-shade-flower-reusable-gajra-16-inches?variant=gid://shopify/ProductVariant/47542602039518
2026-07-20 03:09:31,AD Pearl Mala Set with Earrings in Two Colors (Price for Each),Green,711,3199.0,Sale,1,14,13,https://www.daivik.in/products/ad-pearl-mala-set-with-earrings?variant=gid://shopify/ProductVariant/47564628525278
2026-07-20 03:09:31,Flower Pendant Long Pearl Mala with Earringsin 3 Colors (Price for Each),Green White,618,3199.0,Sale,1,3,2,https://www.daivik.in/products/a-29?variant=gid://shopify/ProductVariant/47832187076830
2026-07-20 03:09:31,Bridal Non idol Premium Bangle ( Select in Variant for Single or Both Hands ),Both Hands / 2.8,1754,18999.0,Sale,1,3,2,https://www.daivik.in/products/bridal-non-idol-premium-bangle?variant=gid://shopify/ProductVariant/47824434954462
2026-07-20 03:09:31,Heritage Golden Beads Watch Bracelet,Default Title,4033,1499.0,Sale,1,42,41,https://www.daivik.in/products/heritage-golden-beads-watch-bracelet?variant=gid://shopify/ProductVariant/48266751574238
2026-07-20 03:09:31,Kundan Layered Pearl Premium Hair Pin/Chotti,Default Title,1912,1799.0,Sale,1,25,24,https://www.daivik.in/products/kundan-layered-pearl-premium-hair-pin-chotti?variant=gid://shopify/ProductVariant/48337208475870
2026-07-20 03:09:31,Double Foam Handmade Artificial Lotus Pink Buds Kunjalam/Hair Extension,Default Title,3543,799.0,Sale,1,26,25,https://www.daivik.in/products/triple-foam-handmade-artificial-lotus-pink-buds-kunjalam-hair-extension?variant=gid://shopify/ProductVariant/48377645465822
2026-07-20 03:09:31,Pachi Pearl Jali Necklace,Default Title,491,2999.0,Sale,1,2,1,https://www.daivik.in/products/pachi-pearl-jali-necklace?variant=gid://shopify/ProductVariant/48400077258974
2026-07-20 03:09:31,Kemp Pearl Ruby Green Necklace,Default Title,696,2799.0,Sold Out,1,1,0,https://www.daivik.in/products/kemp-pearl-ruby-green-necklace?variant=gid://shopify/ProductVariant/47470276247774
2026-07-20 03:09:31,Heritage Watch Bracelet,Default Title,4019,4599.0,Sold Out,1,1,0,https://www.daivik.in/products/heritage-watch-bracelet?variant=gid://shopify/ProductVariant/48128940409054
2026-07-20 03:32:18,AD Peacock Long Chain with Earrings,Default Title,1156,2299.0,Sale,1,31,30,https://www.daivik.in/products/ad-peacock-long-chain-with-earrings?variant=gid://shopify/ProductVariant/46076856860894
2026-07-20 04:02:28,Simple Pendant Ruby Green Hasli Necklace with Earrings,Default Title,744,799.0,Sale,1,6,5,https://www.daivik.in/products/simple-pendant-ruby-green-hasli-necklace-with-earrings?variant=gid://shopify/ProductVariant/46583087268062
2026-07-20 04:02:28,Lakshmi Coin Necklace,Default Title,176,1899.0,Sale,1,30,29,https://www.daivik.in/products/lakshmi-coin-necklace-1?variant=gid://shopify/ProductVariant/48448997163230
2026-07-20 04:02:28,Peacock Lakshmi Green Beads Long Haram with Jhumkas,Default Title,1237,5499.0,Sold Out,1,1,0,https://www.daivik.in/products/peacock-lakshmi-green-beads-long-haram-with-jhumkas-1?variant=gid://shopify/ProductVariant/46424009212126
2026-07-20 04:18:30,Simple Leaf Invisible Chain,Default Title,377,499.0,Sale,1,21,20,https://www.daivik.in/products/simple-leaf-invisible-chain?variant=gid://shopify/ProductVariant/48434484150494
2026-07-20 04:18:30,Palakka Lakshmi Coin Necklace,Default Title,529,1299.0,Sale,1,20,19,https://www.daivik.in/products/palakka-lakshmi-coin-necklace?variant=gid://shopify/ProductVariant/48448997294302
2026-07-20 04:34:59,Flower Pearl Ruby Choker with Earrings,Default Title,739,1299.0,Sale,1,55,54,https://www.daivik.in/products/flower-pearl-ruby-choker-with-earrings?variant=gid://shopify/ProductVariant/47743520768222
2026-07-20 04:34:59,Kids / Adult Kemp Jhumkas,Default Title,1777,799.0,Sale,1,31,30,https://www.daivik.in/products/kids-adult-kemp-jhumkas?variant=gid://shopify/ProductVariant/47821038485726
2026-07-20 04:34:59,Sri Balaji Heritage Choker with Studs,Default Title,841,799.0,Sale,1,27,26,https://www.daivik.in/products/sri-balaji-heritage-choker-with-studs?variant=gid://shopify/ProductVariant/48289643102430
2026-07-20 04:46:59,AD Lakshmi Mesh Necklace with Earrings,Default Title,1267,1099.0,Sale,1,42,41,https://www.daivik.in/products/ad-lakshmi-mesh-necklace-with-earrings?variant=gid://shopify/ProductVariant/46814082760926
2026-07-20 04:46:59,Diamond Look alike Floral Necklace with Earrings,Default Title,1293,599.0,Sale,1,8,7,https://www.daivik.in/products/diamond-look-alike-floral-necklace-with-earrings?variant=gid://shopify/ProductVariant/47058250170590
2026-07-20 05:03:39,Jathi Malli Pink Shade Flower Reusable Gajra,16 Inches String - Full Moolam,3501,2499.0,Sale,1,4,3,https://www.daivik.in/products/jathi-malli-pink-shade-flower-reusable-gajra-16-inches?variant=gid://shopify/ProductVariant/47542602039518
2026-07-20 05:03:39,Moissanite Mesh Bracelet in 3 Colors (Price for each),Green,1770,999.0,Sale,1,17,16,https://www.daivik.in/products/moissanite-mesh-bracelet-in-3-colors-price-for-each?variant=gid://shopify/ProductVariant/47793500094686
2026-07-20 05:19:05,Simple Leaf Invisible Chain,Default Title,377,499.0,Sale,1,20,19,https://www.daivik.in/products/simple-leaf-invisible-chain?variant=gid://shopify/ProductVariant/48434484150494
2026-07-20 05:35:32,Lakshmi Coral Red Set of 6 Bangles,2.6,1503,3299.0,Sale,1,3,2,https://www.daivik.in/products/c?variant=gid://shopify/ProductVariant/45908646854878
2026-07-20 05:35:32,AD Stone Bangles (Price for a Pair),2.6,1579,1499.0,Sale,1,47,46,https://www.daivik.in/products/ad-stone-bangles-price-for-a-pair?variant=gid://shopify/ProductVariant/46401150222558
2026-07-20 05:35:32,Pearl Kemp Pendant Hasli Necklace with Earrings,Default Title,1312,799.0,Sale,1,14,13,https://www.daivik.in/products/pearl-kemp-pendant-hasli-necklace-with-earrings?variant=gid://shopify/ProductVariant/47082104389854
2026-07-20 05:35:32,AD Ruby Pearl Floral Combo,2.6,1906,3199.0,Sale,1,4,3,https://www.daivik.in/products/ad-ruby-pearl-floral-combo?variant=gid://shopify/ProductVariant/48315170914526
2026-07-20 05:35:32,AD Green Pearl Floral Combo,2.6,1910,3199.0,Sale,1,2,1,https://www.daivik.in/products/ad-green-pearl-floral-combo?variant=gid://shopify/ProductVariant/48333256065246
2026-07-20 05:35:32,Lakshmi Short and Long Combo Set,Default Title,1325,1999.0,Sold Out,1,1,0,https://www.daivik.in/products/lakshmi-short-and-long-combo-set?variant=gid://shopify/ProductVariant/47551215468766
2026-07-20 05:49:41,Gold Finish Motif necklace with earrings,Default Title,910,1099.0,Sale,1,30,29,https://www.daivik.in/products/untitled-sep7_21-09?variant=gid://shopify/ProductVariant/44338668208350
2026-07-20 05:49:41,AD Ruby Pearl Floral Combo,2.6,1906,3199.0,Sale,1,3,2,https://www.daivik.in/products/ad-ruby-pearl-floral-combo?variant=gid://shopify/ProductVariant/48315170914526
2026-07-20 06:03:22,GJ Polish Designer Bracelets (Price for Each),1,1625,999.0,Sale,1,37,36,https://www.daivik.in/products/gj-polish-designer-bracelets-price-for-each?variant=gid://shopify/ProductVariant/47075079356638
2026-07-20 06:03:22,Kids / Adult Kemp Jhumkas,Default Title,1777,799.0,Sale,1,30,29,https://www.daivik.in/products/kids-adult-kemp-jhumkas?variant=gid://shopify/ProductVariant/47821038485726
2026-07-20 06:03:22,Antique Flexible Free size Kada,Default Title,1897,499.0,Sale,1,8,7,https://www.daivik.in/products/antique-flexible-free-size-kada?variant=gid://shopify/ProductVariant/48287951978718
2026-07-20 06:17:08,Simple Copper Pearl Necklace with Earrings,Default Title,855,999.0,Sale,1,54,53,https://www.daivik.in/products/simple-copper-pearl-necklace-with-earrings?variant=gid://shopify/ProductVariant/45158978093278
2026-07-20 06:17:08,Simple Short Necklace with  Earrings,Default Title,707,999.0,Sale,1,41,40,https://www.daivik.in/products/simple-short-necklace-with-earrings?variant=gid://shopify/ProductVariant/45511281246430
2026-07-20 06:17:08,Pure kemp Jadau Flower Jhumkas,Default Title,1551,6499.0,Sale,1,5,4,https://www.daivik.in/products/copy-pure-kemp-jadau-half-moon-balis?variant=gid://shopify/ProductVariant/46247808205022
2026-07-20 06:32:22,Pearl Chain with earrings,Default Title,379,1099.0,Sale,1,6,5,https://www.daivik.in/products/untitled-aug26_21-06?variant=gid://shopify/ProductVariant/44325395202270
2026-07-20 06:32:22,AD RubyGreen Jhumkas with attached Mattals,Default Title,920,999.0,Sale,1,34,33,https://www.daivik.in/products/ad-rubygreen-jhumkas-with-attached-mattel-s?variant=gid://shopify/ProductVariant/45363709771998
2026-07-20 06:47:02,Changeable pearl studs in 2 variants,White pearl,712,1099.0,Sale,1,14,13,https://www.daivik.in/products/changeable-pearl-studs?variant=gid://shopify/ProductVariant/39960882184345
2026-07-20 06:47:02,Lakshmi Coin Necklace\,Default Title,1252,1599.0,Sale,1,25,24,https://www.daivik.in/products/lakshmi-coin-necklace?variant=gid://shopify/ProductVariant/46618663911646
2026-07-20 07:02:32,Kemp medium Sized studs,Default Title,858,1099.0,Sale,1,26,25,https://www.daivik.in/products/kemp-medium-sized-studs?variant=gid://shopify/ProductVariant/41081654018201
2026-07-20 07:02:32,Floral Uncut Kemp jhumkas,Default Title,865,1499.0,Sale,1,53,52,https://www.daivik.in/products/floral-uncut-kemp-jhumkas?variant=gid://shopify/ProductVariant/41139968311449
2026-07-20 07:02:32,Simple kemp studs,Default Title,909,1099.0,Sale,1,21,20,https://www.daivik.in/products/simple-kemp-studs-in-2-variants?variant=gid://shopify/ProductVariant/41359794864281
2026-07-20 07:02:32,Lakshmi Coin Ruby Necklac,Default Title,1251,999.0,Sale,1,56,55,https://www.daivik.in/products/lakshmi-coin-ruby-necklace?variant=gid://shopify/ProductVariant/46618661748958
2026-07-20 07:32:26,Kemp Lotus Ghungroo beads Adigai with Jhumkas,Default Title,111,1399.0,Sale,1,16,15,https://www.daivik.in/products/kemp-lotus-ghungroo-beads-adigai-with-jhumkas?variant=gid://shopify/ProductVariant/45453369540830
2026-07-20 07:32:26,Hasli AD Necklace with Earrings in 2 Colors (Price for Each),Green,1229,1399.0,Sale,1,50,49,https://www.daivik.in/products/hasli-ad-necklace-with-earrings-in-2-colors?variant=gid://shopify/ProductVariant/46308331061470
2026-07-20 08:02:37,Jathi Malli Pink Shade Flower Reusable Gajra,8 Inches String - Half Moolam,3501,1299.0,Sale,3,6,3,https://www.daivik.in/products/jathi-malli-pink-shade-flower-reusable-gajra-16-inches?variant=gid://shopify/ProductVariant/47542602006750
2026-07-20 08:02:37,Elegant Bloomed Jasmine Flower Artificial Gajra,8 Inches String - Half Moolam,3502,1299.0,Sale,3,24,21,https://www.daivik.in/products/elegant-bloomed-jasmine-flower-artificial-gajra-16-inches?variant=gid://shopify/ProductVariant/47542601154782
2026-07-20 08:30:55,Palakka Lakshmi Coin Necklace,Default Title,529,1299.0,Sale,1,19,18,https://www.daivik.in/products/palakka-lakshmi-coin-necklace?variant=gid://shopify/ProductVariant/48448997294302
2026-07-20 09:02:37,Simple Pendant Victorian Necklace with Earrings in Colors,Ruby,530,1999.0,Sale,1,25,24,https://www.daivik.in/products/simple-pendant-victorian-necklace-with-earrings?variant=gid://shopify/ProductVariant/44562630508766
2026-07-20 09:17:05,Meenakari AD work necklace with earrings,Default Title,458,2999.0,Sale,1,4,3,https://www.daivik.in/products/meenakari-ad-work-necklace-with-earrings?variant=gid://shopify/ProductVariant/37254313279641
2026-07-20 09:17:05,Simple Mangalsutra With stones,Default Title,670,1099.0,Sale,1,50,49,https://www.daivik.in/products/1-4?variant=gid://shopify/ProductVariant/42679325982942
2026-07-20 09:47:05,Premium AD mattal,Default Title,1508,1299.0,Sale,1,10,9,https://www.daivik.in/products/premium-ad-mattal?variant=gid://shopify/ProductVariant/45974972793054
2026-07-20 10:02:39,Pearl Kemp Pendant Hasli Necklace with Earrings,Default Title,1312,799.0,Sale,1,13,12,https://www.daivik.in/products/pearl-kemp-pendant-hasli-necklace-with-earrings?variant=gid://shopify/ProductVariant/47082104389854
2026-07-20 10:02:39,Jathi Malli Pink Shade Flower Reusable Gajra,8 Inches String - Half Moolam,3501,1299.0,Sale,1,3,2,https://www.daivik.in/products/jathi-malli-pink-shade-flower-reusable-gajra-16-inches?variant=gid://shopify/ProductVariant/47542602006750
2026-07-20 10:02:39,Elegant Bloomed Jasmine Flower Artificial Gajra,8 Inches String - Half Moolam,3502,1299.0,Sale,1,21,20,https://www.daivik.in/products/elegant-bloomed-jasmine-flower-artificial-gajra-16-inches?variant=gid://shopify/ProductVariant/47542601154782
2026-07-20 10:17:06,Antique Jadau Green Beads Long chain with Earrings,Default Title,830,1799.0,Sale,1,33,32,https://www.daivik.in/products/antique-jadau-green-beads-long-chain-with-earrings?variant=gid://shopify/ProductVariant/47047999455454
2026-07-20 10:32:11,Kids / Adult Kemp Jhumkas,Default Title,1777,799.0,Sale,1,29,28,https://www.daivik.in/products/kids-adult-kemp-jhumkas?variant=gid://shopify/ProductVariant/47821038485726
2026-07-20 10:47:02,Jathi Malli Pink Shade Flower Reusable Gajra,8 Inches String - Half Moolam,3501,1299.0,Sale,1,2,1,https://www.daivik.in/products/jathi-malli-pink-shade-flower-reusable-gajra-16-inches?variant=gid://shopify/ProductVariant/47542602006750
2026-07-20 10:47:02,Elegant Bloomed Jasmine Flower Artificial Gajra,8 Inches String - Half Moolam,3502,1299.0,Sale,1,20,19,https://www.daivik.in/products/elegant-bloomed-jasmine-flower-artificial-gajra-16-inches?variant=gid://shopify/ProductVariant/47542601154782
2026-07-20 11:17:00,Lakshmi Hook Jhumkas in 2 Colours,Ruby,1813,799.0,Sale,1,17,16,https://www.daivik.in/products/lakshmi-hook-jhumkas-in-2-colours?variant=gid://shopify/ProductVariant/47915824251102
2026-07-20 11:17:00,Openable Peacock Kada with Interchangeable Colour Bangles (10 Shades),2.6,1924,2299.0,Sale,1,11,10,https://www.daivik.in/products/10-in-1-changeable-bangles?variant=gid://shopify/ProductVariant/48422119506142
2026-07-20 11:32:27,Antique Gold Green Stone Necklace with Earrings,Default Title,456,2199.0,Sale,1,29,28,https://www.daivik.in/products/antique-gold-green-stone-necklace-with-earrings?variant=gid://shopify/ProductVariant/44639703204062
2026-07-20 11:47:03,AD Mesh Necklace with Studs in 5 Colours ( Price for Each ),Dark Green,1335,649.0,Sale,1,7,6,https://www.daivik.in/products/ad-mesh-necklace-with-studs-in-5-colours-price-for-each?variant=gid://shopify/ProductVariant/47669942223070
2026-07-20 12:02:42,Gold Finish Motif necklace with earrings,Default Title,910,1099.0,Sale,1,29,28,https://www.daivik.in/products/untitled-sep7_21-09?variant=gid://shopify/ProductVariant/44338668208350
2026-07-20 12:16:59,"Jyothika Mam Inspired AD Green Pendant Necklace (Prices for Short, Long and Combo)",Short,1295,799.0,Sale,1,44,43,https://www.daivik.in/products/jyothika-mam-inspired-ad-green-pendant-necklace?variant=gid://shopify/ProductVariant/47092708573406
2026-07-20 12:32:23,Elegant Bloomed Jasmine Flower Artificial Gajra,8 Inches String - Half Moolam,3502,1299.0,Sale,1,19,18,https://www.daivik.in/products/elegant-bloomed-jasmine-flower-artificial-gajra-16-inches?variant=gid://shopify/ProductVariant/47542601154782
2026-07-20 12:32:23,Jathi Malli Pink Shade Flower Reusable Gajra,8 Inches String - Half Moolam,3501,1299.0,Sold Out,1,1,0,https://www.daivik.in/products/jathi-malli-pink-shade-flower-reusable-gajra-16-inches?variant=gid://shopify/ProductVariant/47542602006750
2026-07-20 12:47:08,Peacock Lakshmi Long Chain with Jhumkas in Two Colors (Prices for Each),Ruby,1270,1099.0,Sale,1,49,48,https://www.daivik.in/products/peacock-lakshmi-long-chain-with-jhumkas?variant=gid://shopify/ProductVariant/46838455337182
2026-07-20 13:02:47,AD Green Bangles,2.8,1514,1299.0,Sale,1,15,14,https://www.daivik.in/products/ad-green-bangles?variant=gid://shopify/ProductVariant/46122760044766
2026-07-20 13:02:47,AD Stone Dark Green Bangles (Price for a Pair),2.8,1577,1499.0,Sale,2,29,27,https://www.daivik.in/products/ad-stone-dark-green-bangles-price-for-a-pair?variant=gid://shopify/ProductVariant/46401149960414
2026-07-20 13:02:47,Victorian Spiral Green AD Bangles,2.8,1853,1499.0,Sale,1,25,24,https://www.daivik.in/products/victorian-spiral-green-ad-bangles?variant=gid://shopify/ProductVariant/48057311559902
2026-07-20 13:02:47,Classic Victorian Green Beads Peacock choker with Balis,Default Title,1382,4299.0,Sale,1,7,6,https://www.daivik.in/products/classic-victorian-green-beads-peacock-choker-with-balis?variant=gid://shopify/ProductVariant/48161484013790
2026-07-20 13:32:34,Rose gold Leaf Necklace with Earrings,Default Title,960,1099.0,Sale,1,18,17,https://www.daivik.in/products/rose-gold-leaf-necklace-with-earrings?variant=gid://shopify/ProductVariant/42098229051614
2026-07-20 13:32:34,Diamond Look alike Floral Necklace with Earrings,Default Title,1293,599.0,Sale,1,7,6,https://www.daivik.in/products/diamond-look-alike-floral-necklace-with-earrings?variant=gid://shopify/ProductVariant/47058250170590
2026-07-20 13:32:34,Invisible Circle AD Chain with Earrings,Ruby Green,1298,699.0,Sale,1,8,7,https://www.daivik.in/products/invisible-circle-ad-chain-with-earrings?variant=gid://shopify/ProductVariant/47653875679454
2026-07-20 13:32:34,Floral Simple Invisible chain,Default Title,207,499.0,Sale,1,23,22,https://www.daivik.in/products/floral-simple-invisible-chain?variant=gid://shopify/ProductVariant/48335603433694
2026-07-20 13:32:34,Double Foam Handmade Artificial Lotus Pink Buds Kunjalam/Hair Extension,Default Title,3543,799.0,Sale,1,25,24,https://www.daivik.in/products/triple-foam-handmade-artificial-lotus-pink-buds-kunjalam-hair-extension?variant=gid://shopify/ProductVariant/48377645465822
2026-07-20 13:32:34,Simple Leaf Invisible Chain,Default Title,377,499.0,Sale,1,19,18,https://www.daivik.in/products/simple-leaf-invisible-chain?variant=gid://shopify/ProductVariant/48434484150494
2026-07-20 13:47:10,Antique Ruby Green Hasli with Balis,Default Title,862,1299.0,Sale,1,17,16,https://www.daivik.in/products/antique-ruby-green-necklace-with-balis?variant=gid://shopify/ProductVariant/44960557859038
2026-07-20 13:47:10,Pearl Kemp Pendant Hasli Necklace with Earrings,Default Title,1312,799.0,Sale,1,12,11,https://www.daivik.in/products/pearl-kemp-pendant-hasli-necklace-with-earrings?variant=gid://shopify/ProductVariant/47082104389854
2026-07-20 14:02:44,Openable Peacock Kada with Interchangeable Colour Bangles (10 Shades),2.8,1924,2299.0,Sale,1,2,1,https://www.daivik.in/products/10-in-1-changeable-bangles?variant=gid://shopify/ProductVariant/48422119538910
2026-07-20 14:32:22,Two Line Antique Lakshmi Chain with Earrings,Coral,1330,699.0,Sale,1,17,16,https://www.daivik.in/products/two-line-antique-lakshmi-chain-with-earrings?variant=gid://shopify/ProductVariant/47652470063326
2026-07-20 14:32:22,AD Pearl Flower Bangles,2.4,1903,1799.0,Sale,1,4,3,https://www.daivik.in/products/ad-pearl-flower-bangle?variant=gid://shopify/ProductVariant/48306973311198
2026-07-20 14:32:22,AD Bangle Combo,2.4,1916,2999.0,Sale,1,2,1,https://www.daivik.in/products/bangles-1?variant=gid://shopify/ProductVariant/48353994047710
2026-07-20 14:47:07,Designer Pearl Two Line Chain,Default Title,1227,599.0,Sale,1,48,47,https://www.daivik.in/products/simple-two-line-chain?variant=gid://shopify/ProductVariant/46301650485470
2026-07-20 15:02:48,3 Line Single-colour Mala with earrings in 3 Colors,Pink,444,2249.0,Sale,1,53,52,https://www.daivik.in/products/3-line-single-colour-mala-with-earrings-in-3-colors?variant=gid://shopify/ProductVariant/45696427622622
2026-07-20 15:02:48,Kemp Jadau Bugadi,Default Title,1601,799.0,Sale,1,27,26,https://www.daivik.in/products/kemp-jadau-bugadi?variant=gid://shopify/ProductVariant/46641514021086
2026-07-20 15:17:02,Rice Pearl Guttapusalu Necklace with Earrings,Default Title,828,999.0,Sale,1,17,16,https://www.daivik.in/products/rice-pearl-guttapusalu-necklace-with-earrings?variant=gid://shopify/ProductVariant/44857554567390
2026-07-20 15:17:02,Two Line swarovski pearl mala,Default Title,1327,999.0,Sale,1,55,54,https://www.daivik.in/products/two-line-swarovski-pearl-mala?variant=gid://shopify/ProductVariant/47621545787614
2026-07-20 15:32:30,Openable Peacock Kada with Interchangeable Colour Bangles (10 Shades),2.6,1924,2299.0,Sale,1,10,9,https://www.daivik.in/products/10-in-1-changeable-bangles?variant=gid://shopify/ProductVariant/48422119506142
2026-07-20 15:47:12,Lakshmi Coin Ruby Necklac,Default Title,1251,999.0,Sale,1,55,54,https://www.daivik.in/products/lakshmi-coin-ruby-necklace?variant=gid://shopify/ProductVariant/46618661748958
2026-07-20 16:02:43,Two line Kids/Adult Pearl Choker with Studs,Default Title,825,999.0,Sale,1,6,5,https://www.daivik.in/products/two-line-kids-adult-pearl-choker-with-studs?variant=gid://shopify/ProductVariant/44815359410398
2026-07-20 16:02:43,Pure Kemp Brass Nose Pin in 3 Colors (Price for Each),White,1772,599.0,Sale,1,35,34,https://www.daivik.in/products/pure-kemp-brass-nose-pin-in-3-colors-price-for-each?variant=gid://shopify/ProductVariant/47796909801694
2026-07-20 16:17:14,Simple Leaf Invisible Chain,Default Title,377,499.0,Sale,1,18,17,https://www.daivik.in/products/simple-leaf-invisible-chain?variant=gid://shopify/ProductVariant/48434484150494
2026-07-20 16:32:29,"Jyothika Mam Inspired AD Green Pendant Necklace (Prices for Short, Long and Combo)",Short,1295,799.0,Sale,1,43,42,https://www.daivik.in/products/jyothika-mam-inspired-ad-green-pendant-necklace?variant=gid://shopify/ProductVariant/47092708573406
2026-07-20 16:32:29,Simple AD Flower Choker with Earrings in 5 Colors (Price for Each),Dark Blue,880,799.0,Sale,1,2,1,https://www.daivik.in/products/simple-ad-choker-with-earrings-in-5-colors?variant=gid://shopify/ProductVariant/48078267777246
2026-07-20 16:32:29,Pure kemp Pearl JadaBillai/ chotti / Hair Accessories,Default Title,1929,2199.0,Sale,1,26,25,https://www.daivik.in/products/pure-kemp-pearl-jadabillai-chotti-hair-accessories-copy?variant=gid://shopify/ProductVariant/48442470236382
2026-07-20 16:47:09,"Ruby Guttapusalu Necklace with earrings (Price for Combo, Short and Long)",Short,962,1499.0,Sale,1,52,51,https://www.daivik.in/products/ruby-guttapusalu-necklace-with-earrings?variant=gid://shopify/ProductVariant/47292618768606
2026-07-20 16:47:09,Lakshmi Jhumkas with Swan Mattals,Default Title,1666,1899.0,Sale,1,4,3,https://www.daivik.in/products/a-5?variant=gid://shopify/ProductVariant/47488954630366
2026-07-20 17:32:38,Simple Mangalsutra With stones,Default Title,670,1099.0,Sale,1,49,48,https://www.daivik.in/products/1-4?variant=gid://shopify/ProductVariant/42679325982942
2026-07-20 17:32:38,Designer AD Hairpin in 4 Styles (Price for Each),4,1654,499.0,Sale,1,3,2,https://www.daivik.in/products/designer-ad-hairpin?variant=gid://shopify/ProductVariant/47451036778718
2026-07-20 17:32:38,Moissanite Mesh Bracelet in 3 Colors (Price for each),Green,1770,999.0,Sale,1,16,15,https://www.daivik.in/products/moissanite-mesh-bracelet-in-3-colors-price-for-each?variant=gid://shopify/ProductVariant/47793500094686
2026-07-20 17:32:38,Moissanite Mesh Bracelet in 3 Colors (Price for each),Pink,1770,999.0,Sale,1,11,10,https://www.daivik.in/products/moissanite-mesh-bracelet-in-3-colors-price-for-each?variant=gid://shopify/ProductVariant/47793500160222
2026-07-20 17:32:38,Victorian Green Bangle Combo (Price for Both Hands),2.4,1931,3299.0,New Arrival,3,0,3,https://www.daivik.in/products/victorian-green-bangle-combo?variant=gid://shopify/ProductVariant/48453374345438
2026-07-20 17:32:38,Victorian Green Bangle Combo (Price for Both Hands),2.6,1931,3299.0,New Arrival,3,0,3,https://www.daivik.in/products/victorian-green-bangle-combo?variant=gid://shopify/ProductVariant/48453374378206
2026-07-20 17:32:38,Victorian Green Bangle Combo (Price for Both Hands),2.8,1931,3299.0,New Arrival,3,0,3,https://www.daivik.in/products/victorian-green-bangle-combo?variant=gid://shopify/ProductVariant/48453374410974
2026-07-20 18:02:48,Premium Three Layer AD Necklace with Earrings in two Colors,Dark Green,219,4499.0,Sale,1,8,7,https://www.daivik.in/products/premium-three-layer-purple-ad-necklace-with-earrings?variant=gid://shopify/ProductVariant/46326480044254
2026-07-20 18:02:48,AD Pendant Flower Necklace with Earrings,Default Title,1266,1699.0,Sale,1,16,15,https://www.daivik.in/products/ad-pendant-flower-necklace-with-earrings?variant=gid://shopify/ProductVariant/46813927243998
2026-07-20 18:02:48,Antique kids Jhumkas,Default Title,1683,799.0,Sale,1,15,14,https://www.daivik.in/products/antique-kids-jhumkas-1?variant=gid://shopify/ProductVariant/47521442529502
2026-07-20 18:02:48,Carved Moissanite Necklace with Earrings,Default Title,282,1299.0,Sale,1,36,35,https://www.daivik.in/products/carved-moissanite-necklace-with-earrings?variant=gid://shopify/ProductVariant/47758182514910
2026-07-20 18:02:48,Antique Flexible Free size Kada,Default Title,1897,499.0,Sale,2,7,5,https://www.daivik.in/products/antique-flexible-free-size-kada?variant=gid://shopify/ProductVariant/48287951978718
2026-07-20 18:02:48,Pachi Pearl Jali Necklace,Default Title,491,2999.0,Sold Out,1,1,0,https://www.daivik.in/products/pachi-pearl-jali-necklace?variant=gid://shopify/ProductVariant/48400077258974
2026-07-20 18:17:10,Small Tribal Bali Jhumka,Default Title,3,799.0,Sale,1,12,11,https://www.daivik.in/products/small-tribal-bali-jhumka?variant=gid://shopify/ProductVariant/36547713302681
2026-07-20 18:17:10,Kids/Adults mini choker,Default Title,768,1499.0,Sale,1,13,12,https://www.daivik.in/products/kids-mini-choker?variant=gid://shopify/ProductVariant/40510053089433
2026-07-20 18:17:10,Cluster Pearl Necklace with earrings ( Price for each),White Pearl,257,1499.0,Sale,1,18,17,https://www.daivik.in/products/a-2?variant=gid://shopify/ProductVariant/44437456519390
2026-07-20 18:17:10,Sri Balaji Heritage Choker with Studs,Default Title,841,799.0,Sale,1,26,25,https://www.daivik.in/products/sri-balaji-heritage-choker-with-studs?variant=gid://shopify/ProductVariant/48289643102430
2026-07-20 18:17:10,3D Ganesha Invisible chain with Earrings,Default Title,562,799.0,Sale,1,15,14,https://www.daivik.in/products/3d-ganesha-invisible-chain-with-earrings?variant=gid://shopify/ProductVariant/48337665851614
2026-07-20 18:32:21,Golden Ad bangles,2.4,905,1299.0,Sale,1,41,40,https://www.daivik.in/products/golden-ad-bangles?variant=gid://shopify/ProductVariant/41342828413081
2026-07-20 18:32:21,White stone bangles (4 bangles),2.4,951,999.0,Sale,1,47,46,https://www.daivik.in/products/white-stone-bangles-4-bangles?variant=gid://shopify/ProductVariant/42060601163998
2026-07-20 18:32:21,Set of 4 green bangles,2.4,113,1299.0,Sale,1,53,52,https://www.daivik.in/products/set-of-4-green-bangles?variant=gid://shopify/ProductVariant/42350496121054
2026-07-20 18:32:21,Simple Pearl Kemp choker with Earrings in 2 variants,Ruby,327,649.0,Sale,1,3,2,https://www.daivik.in/products/simple-pearl-kemp-choker-with-earrings-in-2-variants?variant=gid://shopify/ProductVariant/44661107032286
2026-07-20 18:32:21,Kemp Lotus Ghungroo beads Adigai with Jhumkas,Default Title,111,1399.0,Sale,1,15,14,https://www.daivik.in/products/kemp-lotus-ghungroo-beads-adigai-with-jhumkas?variant=gid://shopify/ProductVariant/45453369540830
2026-07-20 18:32:21,Pure kemp Jadau Jhumkas with Pearl Mattal,Ruby,1540,3699.0,Sale,1,15,14,https://www.daivik.in/products/pure-kemp-jadau-jhumkas-with-mattal?variant=gid://shopify/ProductVariant/47069494870238
2026-07-20 18:32:21,AD Stone Ruby Bangles (Price for a Pair),2.4,1576,1499.0,Sale,1,48,47,https://www.daivik.in/products/ad-stone-ruby-bangles-price-for-a-pair?variant=gid://shopify/ProductVariant/46401149731038
2026-07-20 18:32:21,AD Stone Dark Green Bangles (Price for a Pair),2.4,1577,1499.0,Sale,1,48,47,https://www.daivik.in/products/ad-stone-dark-green-bangles-price-for-a-pair?variant=gid://shopify/ProductVariant/46401149894878
2026-07-20 18:32:21,Carved Moissanite Necklace with Earrings,Default Title,282,1299.0,Sale,1,35,34,https://www.daivik.in/products/carved-moissanite-necklace-with-earrings?variant=gid://shopify/ProductVariant/47758182514910
2026-07-20 18:32:21,Antique Flexible Free size Kada,Default Title,1897,499.0,Sale,1,5,4,https://www.daivik.in/products/antique-flexible-free-size-kada?variant=gid://shopify/ProductVariant/48287951978718
2026-07-20 18:47:15,Jathi Malli Pink Shade Flower Reusable Gajra,16 Inches String - Full Moolam,3501,2499.0,Sale,1,3,2,https://www.daivik.in/products/jathi-malli-pink-shade-flower-reusable-gajra-16-inches?variant=gid://shopify/ProductVariant/47542602039518
2026-07-20 18:47:15,Elegant Bloomed Jasmine Flower Artificial Gajra,8 Inches String - Half Moolam,3502,1299.0,Sale,1,18,17,https://www.daivik.in/products/elegant-bloomed-jasmine-flower-artificial-gajra-16-inches?variant=gid://shopify/ProductVariant/47542601154782
2026-07-20 19:02:44,Uncut Kemp Vintage Necklace With Earrings,Default Title,400,1749.0,Sale,1,53,52,https://www.daivik.in/products/pure-uncut-kemp-vintage-necklace-with-earrings?variant=gid://shopify/ProductVariant/44178228478174
2026-07-20 20:17:06,"Ruby Guttapusalu Necklace with earrings (Price for Combo, Short and Long)",Short,962,1499.0,Sale,1,51,50,https://www.daivik.in/products/ruby-guttapusalu-necklace-with-earrings?variant=gid://shopify/ProductVariant/47292618768606
2026-07-20 20:32:24,AD RubyGreen Jhumkas with attached Mattals,Default Title,920,999.0,Sale,1,33,32,https://www.daivik.in/products/ad-rubygreen-jhumkas-with-attached-mattel-s?variant=gid://shopify/ProductVariant/45363709771998
2026-07-20 21:32:16,Invisible Circle AD Chain with Earrings,Ruby Green,1298,699.0,Sale,1,7,6,https://www.daivik.in/products/invisible-circle-ad-chain-with-earrings?variant=gid://shopify/ProductVariant/47653875679454
2026-07-20 21:32:16,Simple Leaf Invisible Chain,Default Title,377,499.0,Sale,1,17,16,https://www.daivik.in/products/simple-leaf-invisible-chain?variant=gid://shopify/ProductVariant/48434484150494
2026-07-20 23:47:10,Victorian AD Necklace with Earrings in Four Colors,Ruby,190,1799.0,Sale,1,12,11,https://www.daivik.in/products/victorian-ad-necklace-with-earrings-in-two-colors?variant=gid://shopify/ProductVariant/45910584525022
2026-07-20 23:47:10,Diwali Sale Bangles D25701,2.8,D25701,1199.0,Sale,1,9,8,https://www.daivik.in/products/diwali-sale-bangles-d25701?variant=gid://shopify/ProductVariant/47542913892574
2026-07-21 00:47:03,Parrot Pearl Bugadi/Top Earrings,Default Title,1892,699.0,Sale,1,26,25,https://www.daivik.in/products/parrot-pearl-bugadi-top-earrings?variant=gid://shopify/ProductVariant/48282345799902
2026-07-21 00:47:03,Kundan Layered Pearl Premium Hair Pin/Chotti,Default Title,1912,1799.0,Sale,1,24,23,https://www.daivik.in/products/kundan-layered-pearl-premium-hair-pin-chotti?variant=gid://shopify/ProductVariant/48337208475870
2026-07-21 01:17:06,3D Ganesha Invisible chain with Earrings,Default Title,562,799.0,Sale,1,14,13,https://www.daivik.in/products/3d-ganesha-invisible-chain-with-earrings?variant=gid://shopify/ProductVariant/48337665851614
2026-07-21 01:17:06,Invisible Ganesha Chain in Two Colors,Baby Pink,672,999.0,Sale,1,2,1,https://www.daivik.in/products/invisible-green-ganesha-chain?variant=gid://shopify/ProductVariant/48447550390494
2026-07-21 02:32:29,AD Stone Ruby Bangles (Price for a Pair),2.6,1576,1499.0,Sale,1,54,53,https://www.daivik.in/products/ad-stone-ruby-bangles-price-for-a-pair?variant=gid://shopify/ProductVariant/46401149763806
2026-07-21 02:32:29,AD Stone Bangles (Price for a Pair),2.6,1579,1499.0,Sale,1,46,45,https://www.daivik.in/products/ad-stone-bangles-price-for-a-pair?variant=gid://shopify/ProductVariant/46401150222558
2026-07-21 03:02:45,Kemp Bugadi Top Earrings,3,1569,1299.0,Sale,1,12,11,https://www.daivik.in/products/kemp-bugadi-side-earrings?variant=gid://shopify/ProductVariant/46340555374814
2026-07-21 03:02:45,Pure Kemp Brass Nose Pin in 3 Colors (Price for Each),Ruby,1772,599.0,Sale,1,11,10,https://www.daivik.in/products/pure-kemp-brass-nose-pin-in-3-colors-price-for-each?variant=gid://shopify/ProductVariant/47796909736158
2026-07-21 03:02:45,Pure Kemp Brass Nose Pin in 3 Colors (Price for Each),White,1772,599.0,Sale,1,34,33,https://www.daivik.in/products/pure-kemp-brass-nose-pin-in-3-colors-price-for-each?variant=gid://shopify/ProductVariant/47796909801694
2026-07-21 03:16:59,Invisible Flower Chain with Earrings in Two Variants (Price for Each),Purple,309,799.0,Sale,1,52,51,https://www.daivik.in/products/invisible-flower-chain-with-earrings-in-two-vaiants-price-for-each?variant=gid://shopify/ProductVariant/46622024335582
2026-07-21 03:16:59,Antique Lakshmi Pearl Hanging Necklace with Balis,Default Title,870,3599.0,Sale,1,12,11,https://www.daivik.in/products/antique-lakshmi-pearl-hanging-necklace-with-balis?variant=gid://shopify/ProductVariant/47797500575966
2026-07-21 03:32:19,Kemp Lotus Ghungroo beads Adigai with Jhumkas,Default Title,111,1399.0,Sale,1,14,13,https://www.daivik.in/products/kemp-lotus-ghungroo-beads-adigai-with-jhumkas?variant=gid://shopify/ProductVariant/45453369540830
2026-07-21 03:32:19,Lakshmi Coin Ruby Necklac,Default Title,1251,999.0,Sale,1,54,53,https://www.daivik.in/products/lakshmi-coin-ruby-necklace?variant=gid://shopify/ProductVariant/46618661748958
2026-07-21 04:02:35,AD Regular wear Floral Bangles,2.8,384,999.0,Sale,1,6,5,https://www.daivik.in/products/ad-regular-wear-floral-bangles?variant=gid://shopify/ProductVariant/44051453444318
2026-07-21 04:02:35,Kemp studs with pearl detailing,Default Title,251,699.0,Sale,1,6,5,https://www.daivik.in/products/kemp-studs-with-pearl-detailing?variant=gid://shopify/ProductVariant/44284805513438
2026-07-21 04:02:35,Kemp Peacock AD Flower pendant chain with jhumkas,Default Title,291,799.0,Sale,1,41,40,https://www.daivik.in/products/kemp-peacock-ad-flower-pendant-chain-with-jhumkas?variant=gid://shopify/ProductVariant/45488983998686
2026-07-21 04:02:35,Kids / Adult Kemp Jhumkas,Default Title,1777,799.0,Sale,1,28,27,https://www.daivik.in/products/kids-adult-kemp-jhumkas?variant=gid://shopify/ProductVariant/47821038485726
2026-07-21 04:02:35,Elakkathali Ruby Choker with Earrings,Default Title,485,899.0,Restock,56,0,56,https://www.daivik.in/products/elakkathali-ruby-choker-with-earrings?variant=gid://shopify/ProductVariant/48403799408862
2026-07-21 04:17:00,Kemp Pearl Jadau Nose Pin/Nath in 5 Colors (Price for Each),Ruby,1672,599.0,Sale,1,45,44,https://www.daivik.in/products/kemp-pearl-jadau-nose-pin-nath-in-5-colors-price-for-each?variant=gid://shopify/ProductVariant/47496591802590
2026-07-21 04:17:00,Openable Peacock Kada with Interchangeable Colour Bangles (10 Shades),2.4,1924,2299.0,Sale,1,2,1,https://www.daivik.in/products/10-in-1-changeable-bangles?variant=gid://shopify/ProductVariant/48422119473374
2026-07-21 04:46:53,Kids/Adults mini choker,Default Title,768,1499.0,Sale,1,12,11,https://www.daivik.in/products/kids-mini-choker?variant=gid://shopify/ProductVariant/40510053089433
2026-07-21 04:46:53,Simple Victorian bangles,2.8,586,1299.0,Sale,1,8,7,https://www.daivik.in/products/a-57?variant=gid://shopify/ProductVariant/44223917195486
2026-07-21 05:02:40,Elephant Guttaspusalu necklace in 5 variants,Dark green,901,1699.0,Sale,1,8,7,https://www.daivik.in/products/elephant-guttaspusalu-necklace-in-5-variants?variant=gid://shopify/ProductVariant/43467306664158
2026-07-21 05:02:40,Lakshmi Teeka Collection in 4 Variants (Price for Each),4,583,1099.0,Sale,1,7,6,https://www.daivik.in/products/lakshmi-teeka-collection-in-4-variants-price-for-each?variant=gid://shopify/ProductVariant/45752890261726
2026-07-21 05:02:40,Invisible AD Leaf Necklace with Earrings in two Colors (Price for Each),Ruby Green,982,699.0,Sale,1,29,28,https://www.daivik.in/products/invisible-ad-leaf-necklace-with-earrings-in-two-colors-price-for-each?variant=gid://shopify/ProductVariant/46601934045406
2026-07-21 05:02:40,"Jyothika Mam Inspired AD Green Pendant Necklace (Prices for Short, Long and Combo)",Combo,1295,1999.0,Sale,1,14,13,https://www.daivik.in/products/jyothika-mam-inspired-ad-green-pendant-necklace?variant=gid://shopify/ProductVariant/47092708638942
2026-07-21 05:02:40,AD Flower Layer Jhumkas,Green,1663,599.0,Sale,1,17,16,https://www.daivik.in/products/ad-flower-layer-jhumkas?variant=gid://shopify/ProductVariant/47471681732830
2026-07-21 05:02:40,Jathi Malli Pink Shade Flower Reusable Gajra,8 Inches String - Half Moolam,3501,1299.0,Restock,5,0,5,https://www.daivik.in/products/jathi-malli-pink-shade-flower-reusable-gajra-16-inches?variant=gid://shopify/ProductVariant/47542602006750
2026-07-21 05:02:40,AD Flower Invisible Chain with Earrings,Default Title,999,499.0,Sale,1,53,52,https://www.daivik.in/products/ad-flower-invisible-chain-with-earrings?variant=gid://shopify/ProductVariant/47868705702110
2026-07-21 05:02:40,Ruby Green Pearl Jali Necklace,Default Title,860,1799.0,Sale,3,19,16,https://www.daivik.in/products/ruby-green-pearl-jali-necklace?variant=gid://shopify/ProductVariant/48443125137630
2026-07-21 05:17:06,Simple peacock motif Mattals,Default Title,612,1299.0,Restock,24,32,56,https://www.daivik.in/products/simple-peacock-motif-mattals?variant=gid://shopify/ProductVariant/38087335542937
2026-07-21 05:17:06,AD flower Mattals,Default Title,677,1599.0,Restock,25,31,56,https://www.daivik.in/products/ad-flower-mattals?variant=gid://shopify/ProductVariant/39619863019673
2026-07-21 05:17:06,Traditional Teeka in 2 variants,2,756,699.0,Restock,17,0,17,https://www.daivik.in/products/traditional-teeka-in-2-variants-1?variant=gid://shopify/ProductVariant/40399475310745
2026-07-21 05:17:06,Ruby AD Jhumkas with Attached Mattal,Default Title,589,1199.0,Restock,50,0,50,https://www.daivik.in/products/ruby-ad-jhumkas-with-attached-mattal?variant=gid://shopify/ProductVariant/44358526632158
2026-07-21 05:17:06,Navarathna Droplet Necklace with Earrings,Default Title,573,1999.0,Sale,1,32,31,https://www.daivik.in/products/navarathna-droplet-necklace-with-earrings?variant=gid://shopify/ProductVariant/44769327874270
2026-07-21 05:17:06,Antique Floral Anklets,Default Title,63,1299.0,Restock,19,37,56,https://www.daivik.in/products/antique-floral-anklets?variant=gid://shopify/ProductVariant/46512599269598
2026-07-21 05:17:06,Simple Antique Anklets in 4 Variants (Price for a Pair),4,1592,499.0,Restock,56,0,56,https://www.daivik.in/products/simple-anklets-in-4-variants-price-for-a-pair?variant=gid://shopify/ProductVariant/46623689539806
2026-07-21 05:17:06,Premium AD layered Droplet Earrings,Default Title,1603,1699.0,Restock,13,17,30,https://www.daivik.in/products/premium-ad-layered-droplet-earrings?variant=gid://shopify/ProductVariant/46662363939038
2026-07-21 05:17:06,Handmade Lotus Flower U Pin,5,3539,799.0,Sale,1,16,15,https://www.daivik.in/products/handmade-lotus-flower-u-pin?variant=gid://shopify/ProductVariant/48294879297758
2026-07-21 05:17:06,Openable Peacock Kada with Interchangeable Colour Bangles (10 Shades),2.4,1924,2299.0,Restock,9,1,10,https://www.daivik.in/products/10-in-1-changeable-bangles?variant=gid://shopify/ProductVariant/48422119473374
2026-07-21 05:17:06,Openable Peacock Kada with Interchangeable Colour Bangles (10 Shades),2.6,1924,2299.0,Sale,2,9,7,https://www.daivik.in/products/10-in-1-changeable-bangles?variant=gid://shopify/ProductVariant/48422119506142
2026-07-21 05:17:06,Openable Peacock Kada with Interchangeable Colour Bangles (10 Shades),2.8,1924,2299.0,Restock,4,1,5,https://www.daivik.in/products/10-in-1-changeable-bangles?variant=gid://shopify/ProductVariant/48422119538910
2026-07-21 05:47:09,Set of 6 AD Bangles,2.6,516,1799.0,Sale,1,4,3,https://www.daivik.in/products/set-of-6-ad-bangles?variant=gid://shopify/ProductVariant/42181007671518
2026-07-21 05:47:09,Lakshmi Ruby Green bangles (Set of 4),2.6,908,1299.0,Sale,1,15,14,https://www.daivik.in/products/lakshmi-rubygreen-bangles-set-of-4?variant=gid://shopify/ProductVariant/45355639931102
2026-07-21 06:02:43,AD Mossanite Pearl JadaBillai/ chotti / Hair Accessories,Default Title,1886,2999.0,Restock,10,0,10,https://www.daivik.in/products/ad-mossanite-pearl-jadabillai-chotti-hair-accessories?variant=gid://shopify/ProductVariant/48256963969246
2026-07-21 06:17:05,Two line Kids/Adult Pearl Choker with Studs,Default Title,825,999.0,Sale,1,5,4,https://www.daivik.in/products/two-line-kids-adult-pearl-choker-with-studs?variant=gid://shopify/ProductVariant/44815359410398
2026-07-21 06:17:05,AD Hipchain,Default Title,1614,2699.0,Sale,1,8,7,https://www.daivik.in/products/ad-hipbelt?variant=gid://shopify/ProductVariant/46998726443230
2026-07-21 06:17:05,Invisible Ganesha Chain in Two Colors,Baby Pink,672,999.0,Restock,19,1,20,https://www.daivik.in/products/invisible-green-ganesha-chain?variant=gid://shopify/ProductVariant/48447550390494
2026-07-21 06:17:05,Lakshmi Coin Necklace,Default Title,176,1899.0,Sale,4,29,25,https://www.daivik.in/products/lakshmi-coin-necklace-1?variant=gid://shopify/ProductVariant/48448997163230
2026-07-21 06:17:05,Palakka Lakshmi Coin Necklace,Default Title,529,1299.0,Sale,8,18,10,https://www.daivik.in/products/palakka-lakshmi-coin-necklace?variant=gid://shopify/ProductVariant/48448997294302
2026-07-21 06:32:24,Invisible AD Leaf Necklace with Earrings in two Colors (Price for Each),Ruby Green,982,699.0,Sale,1,28,27,https://www.daivik.in/products/invisible-ad-leaf-necklace-with-earrings-in-two-colors-price-for-each?variant=gid://shopify/ProductVariant/46601934045406
2026-07-21 06:32:24,Elegant Bloomed Jasmine Flower Artificial Gajra,8 Inches String - Half Moolam,3502,1299.0,Sale,1,17,16,https://www.daivik.in/products/elegant-bloomed-jasmine-flower-artificial-gajra-16-inches?variant=gid://shopify/ProductVariant/47542601154782
2026-07-21 06:32:24,Elegant Bloomed Jasmine Flower Artificial Gajra,16 Inches String - Full Moolam,3502,2599.0,Restock,10,0,10,https://www.daivik.in/products/elegant-bloomed-jasmine-flower-artificial-gajra-16-inches?variant=gid://shopify/ProductVariant/47542601187550
2026-07-21 06:32:24,Elegant Jasmine/Mullai Flower Artificial Gajra,8 Inches String - Half Moolam,3507,1299.0,Restock,30,0,30,https://www.daivik.in/products/elegant-jasmine-mullai-flower-artificial-gajra-16-inches?variant=gid://shopify/ProductVariant/47542601515230
2026-07-21 06:32:24,Elegant Jasmine/Mullai Flower Artificial Gajra,16 Inches String - Full Moolam,3507,2599.0,Restock,20,0,20,https://www.daivik.in/products/elegant-jasmine-mullai-flower-artificial-gajra-16-inches?variant=gid://shopify/ProductVariant/47542601547998
2026-07-21 06:32:24,Elakkathali Coin Ruby Green Choker with Earrings,Default Title,602,899.0,Sale,1,43,42,https://www.daivik.in/products/elakkathali-coin-ruby-green-choker-with-earrings?variant=gid://shopify/ProductVariant/48437245870302
2026-07-21 06:48:38,Flower Antique RubyGreen Necklace with Earrings,Short & long combo,754,3099.0,Sale,1,2,1,https://www.daivik.in/products/flower-antique-rubygreen-necklace-with-earrings?variant=gid://shopify/ProductVariant/44759762174174
2026-07-21 06:48:38,AD Doublet stone Designer Earrings,Green,102,999.0,Sale,1,24,23,https://www.daivik.in/products/ad-doublet-stone-designer-earrings?variant=gid://shopify/ProductVariant/45291773755614
2026-07-21 06:48:38,Lakshmi Jhumkas with Swan Mattals,Default Title,1666,1899.0,Sale,1,3,2,https://www.daivik.in/products/a-5?variant=gid://shopify/ProductVariant/47488954630366
2026-07-21 06:48:38,Jathi Malli Pink Shade Flower Reusable Gajra,8 Inches String - Half Moolam,3501,1299.0,Sale,1,5,4,https://www.daivik.in/products/jathi-malli-pink-shade-flower-reusable-gajra-16-inches?variant=gid://shopify/ProductVariant/47542602006750
2026-07-21 06:48:38,AD Green Bangle Combo (Price for Both Hands),2.4,1785,3999.0,Sale,1,5,4,https://www.daivik.in/products/ad-green-bangle-combo-price-for-both-hands?variant=gid://shopify/ProductVariant/47834299367646
2026-07-21 07:02:40,Antique Gold Lakshmi Temple Necklace with Earrings,Default Title,968,2499.0,Sale,1,2,1,https://www.daivik.in/products/antique-gold-lakshmi-temple-necklace-with-earrings?variant=gid://shopify/ProductVariant/48422274859230
2026-07-21 07:32:21,Openable Peacock Kada with Interchangeable Colour Bangles (10 Shades),2.6,1924,2299.0,Sale,2,7,5,https://www.daivik.in/products/10-in-1-changeable-bangles?variant=gid://shopify/ProductVariant/48422119506142
2026-07-21 07:47:07,3 line Gold pearl Short chain,Default Title,885,799.0,Sale,1,12,11,https://www.daivik.in/products/3-line-gold-pearl-short-chain?variant=gid://shopify/ProductVariant/41237185036441
2026-07-21 07:47:07,Affordable Meenakari Temple Lotus Lakshmi Long Chain with Earrings,Default Title,1367,799.0,Sale,1,19,18,https://www.daivik.in/products/affordable-meenakari-temple-lotus-lakshmi-long-chain-with-earrings-1?variant=gid://shopify/ProductVariant/47961525747934
2026-07-21 07:47:07,Kemp Jhumkas with kemp Mattal,Default Title,1874,1499.0,Sale,1,12,11,https://www.daivik.in/products/kemp-jhumkas-with-kemp-mattal?variant=gid://shopify/ProductVariant/48143141667038
2026-07-21 07:47:07,Antique Chakra Hipchain,Default Title,1902,2199.0,Sale,1,9,8,https://www.daivik.in/products/antique-chakra-hipchain?variant=gid://shopify/ProductVariant/48292341252318
2026-07-21 07:47:07,Elakkathali Coin Ruby Green Choker with Earrings,Default Title,602,899.0,Sale,1,42,41,https://www.daivik.in/products/elakkathali-coin-ruby-green-choker-with-earrings?variant=gid://shopify/ProductVariant/48437245870302
2026-07-21 08:02:42,Jathi Malli Pink Shade Flower Reusable Gajra,8 Inches String - Half Moolam,3501,1299.0,Sale,1,4,3,https://www.daivik.in/products/jathi-malli-pink-shade-flower-reusable-gajra-16-inches?variant=gid://shopify/ProductVariant/47542602006750
2026-07-21 08:17:14,Guttaspusalu Long Haram With Cluster of Pearls,Default Title,215,3499.0,Sale,1,9,8,https://www.daivik.in/products/215?variant=gid://shopify/ProductVariant/34432330399897
2026-07-21 08:17:14,Kemp Brass floral Hipbelt,Default Title,240,4499.0,Sale,1,7,6,https://www.daivik.in/products/g?variant=gid://shopify/ProductVariant/42894130774238
2026-07-21 08:17:14,Simple Ruby Green Flower Anklet,Default Title,1504,599.0,Sale,1,25,24,https://www.daivik.in/products/simple-ruby-green-flower-anklet?variant=gid://shopify/ProductVariant/45977990037726
2026-07-21 08:17:14,Peacock Pearl Bugadi/Top Earrings,Default Title,1894,699.0,Sale,1,29,28,https://www.daivik.in/products/peacock-pearl-bugadi-top-earrings?variant=gid://shopify/ProductVariant/48282361069790
2026-07-21 08:17:14,Handmade Lotus Flower U Pin,1,3539,199.0,Sale,4,6,2,https://www.daivik.in/products/handmade-lotus-flower-u-pin?variant=gid://shopify/ProductVariant/48294879232222
2026-07-21 08:17:14,Regular Use Stone Set Of Four Bangles,2.4,199,1499.0,Sold Out,1,1,0,https://www.daivik.in/products/199?variant=gid://shopify/ProductVariant/34430554472601
2026-07-21 08:32:24,AD RubyGreen Jhumkas with attached Mattals,Default Title,920,999.0,Sale,1,32,31,https://www.daivik.in/products/ad-rubygreen-jhumkas-with-attached-mattel-s?variant=gid://shopify/ProductVariant/45363709771998
2026-07-21 08:32:24,Lakshmi Coin Ruby Necklac,Default Title,1251,999.0,Sale,1,53,52,https://www.daivik.in/products/lakshmi-coin-ruby-necklace?variant=gid://shopify/ProductVariant/46618661748958
2026-07-21 08:32:24,Kemp Bangle Combo (Price for Both Hands),2.6,1804,2999.0,Sale,1,5,4,https://www.daivik.in/products/b-3?variant=gid://shopify/ProductVariant/47880825503966
2026-07-21 08:32:24,Sri Balaji Heritage Choker with Studs,Default Title,841,799.0,Sale,1,25,24,https://www.daivik.in/products/sri-balaji-heritage-choker-with-studs?variant=gid://shopify/ProductVariant/48289643102430
2026-07-21 08:32:24,Victorian Flower Pendant Necklace with Earrings,Default Title,283,3499.0,Sale,1,4,3,https://www.daivik.in/products/victorian-flower-pendant-necklace-with-earrings?variant=gid://shopify/ProductVariant/48423947796702
2026-07-21 08:47:09,Simple and small pure kemp jhumkas,Default Title,656,1199.0,Sale,1,28,27,https://www.daivik.in/products/simple-and-small-pure-kemp-jhumkas?variant=gid://shopify/ProductVariant/39434836574361
2026-07-21 08:47:09,Simple Mangalsutra With stones,Default Title,670,1099.0,Sale,1,48,47,https://www.daivik.in/products/1-4?variant=gid://shopify/ProductVariant/42679325982942
2026-07-21 08:47:09,AD Pendant Flower Necklace with Earrings,Default Title,1266,1699.0,Sale,1,15,14,https://www.daivik.in/products/ad-pendant-flower-necklace-with-earrings?variant=gid://shopify/ProductVariant/46813927243998
2026-07-21 09:02:42,Pure Kemp Lotus Jhumka with Mattals,Default Title,1763,1499.0,Sale,1,20,19,https://www.daivik.in/products/pure-kemp-lotus-jhumka-with-mattals?variant=gid://shopify/ProductVariant/47777295696094
2026-07-21 09:16:59,"Mango Lakshmi Short and Long Coin Necklace with Earrings (Separate Prices for Short, Long and Combo)",Combo,687,1799.0,Sale,1,42,41,https://www.daivik.in/products/mango-lakshmi-short-and-long-coin-necklace-with-earrings?variant=gid://shopify/ProductVariant/47005411377374
2026-07-21 10:32:28,Simple peacock motif necklace with earrings,Default Title,691,1199.0,Sale,1,53,52,https://www.daivik.in/products/simple-peacock-motif-necklace-with-earrings?variant=gid://shopify/ProductVariant/39678792368281
2026-07-21 10:46:59,Pure premium Kemp Brass Jhumkas,Default Title,993,1499.0,Sale,1,45,44,https://www.daivik.in/products/pure-premium-kemp-brass-jhumkas?variant=gid://shopify/ProductVariant/42328076943582
2026-07-21 11:02:42,AD Stone Motif Bangles,2.8,268,1399.0,Sale,1,21,20,https://www.daivik.in/products/ad-stone-motif-bangles?variant=gid://shopify/ProductVariant/34498045214873
2026-07-21 11:02:42,Heavy Pure Kemp Brass Green Kada,2.8,1617,4499.0,Sale,1,2,1,https://www.daivik.in/products/heavy-pure-kemp-brass-green-kada?variant=gid://shopify/ProductVariant/47016994504926
2026-07-21 11:02:42,Parrot Pearl Bugadi/Top Earrings,Default Title,1892,699.0,Sale,1,25,24,https://www.daivik.in/products/parrot-pearl-bugadi-top-earrings?variant=gid://shopify/ProductVariant/48282345799902
2026-07-21 11:02:42,Peacock Pearl Bugadi/Top Earrings,Default Title,1894,699.0,Sale,1,28,27,https://www.daivik.in/products/peacock-pearl-bugadi-top-earrings?variant=gid://shopify/ProductVariant/48282361069790
2026-07-21 11:02:42,Ruby Green Pearl Jali Necklace,Default Title,860,1799.0,Sale,1,16,15,https://www.daivik.in/products/ruby-green-pearl-jali-necklace?variant=gid://shopify/ProductVariant/48443125137630
2026-07-21 11:17:12,Simple Mangalsutra With stones,Default Title,670,1099.0,Sale,1,47,46,https://www.daivik.in/products/1-4?variant=gid://shopify/ProductVariant/42679325982942
2026-07-21 11:17:12,Onam Special Three Layer Lakshmi Coin Necklace with Earrings,Default Title,1310,599.0,Sale,1,18,17,https://www.daivik.in/products/three-layer-lakshmi-coin-necklace-with-earrings?variant=gid://shopify/ProductVariant/47082104094942
2026-07-21 11:32:30,Peacock White Pearl Jhumkas,Default Title,1525,1299.0,Sale,1,33,32,https://www.daivik.in/products/peacock-white-pearl-jhumkas?variant=gid://shopify/ProductVariant/46171746336990
2026-07-21 11:32:30,Kemp Small Loop Earrings in 2 Colors (Price for Each),Green,1868,999.0,Sale,1,20,19,https://www.daivik.in/products/kemp-small-loop-earrings-in-2-colors-price-for-each?variant=gid://shopify/ProductVariant/48116579565790
2026-07-21 11:32:30,Handmade Lotus Flower U Pin,1,3539,199.0,Sale,1,2,1,https://www.daivik.in/products/handmade-lotus-flower-u-pin?variant=gid://shopify/ProductVariant/48294879232222
2026-07-21 11:32:30,Real Look alike Foam Handmade Pink Lotus Buds Kunjalam and Malli Lotus Center Hair Clip Combo,Default Title,3541,1599.0,Sale,1,17,16,https://www.daivik.in/products/real-look-alike-foam-handmade-pink-lotus-buds-kunjalam-and-malli-lotus-center-hair-clip-combo?variant=gid://shopify/ProductVariant/48377569640670
2026-07-21 11:32:30,Simple Leaf Invisible Chain,Default Title,377,499.0,Sale,1,16,15,https://www.daivik.in/products/simple-leaf-invisible-chain?variant=gid://shopify/ProductVariant/48434484150494
2026-07-21 12:02:42,AD Pendant Flower Necklace with Earrings,Default Title,1266,1699.0,Sale,1,14,13,https://www.daivik.in/products/ad-pendant-flower-necklace-with-earrings?variant=gid://shopify/ProductVariant/46813927243998
2026-07-21 12:17:12,Pure Kemp Peacock Jhumkas With Mattals,Default Title,323,2599.0,Sale,1,12,11,https://www.daivik.in/products/pure-kemp-peacock-jhumkas-with-mattals?variant=gid://shopify/ProductVariant/35380334592153
2026-07-21 12:32:23,Diamond Look Alike Hasli Necklace with Earrings,Default Title,1388,1399.0,Sale,1,14,13,https://www.daivik.in/products/a-31?variant=gid://shopify/ProductVariant/48267346772190
2026-07-21 12:47:08,Pearl Kemp Pendant Hasli Necklace with Earrings,Default Title,1312,799.0,Sale,1,11,10,https://www.daivik.in/products/pearl-kemp-pendant-hasli-necklace-with-earrings?variant=gid://shopify/ProductVariant/47082104389854
2026-07-21 13:02:41,Affordable Meenakari Temple Lotus Lakshmi Long Chain with Earrings,Default Title,1367,799.0,Sale,1,18,17,https://www.daivik.in/products/affordable-meenakari-temple-lotus-lakshmi-long-chain-with-earrings-1?variant=gid://shopify/ProductVariant/47961525747934
2026-07-21 13:02:41,Openable Peacock Kada with Interchangeable Colour Bangles (10 Shades),2.6,1924,2299.0,Sale,1,5,4,https://www.daivik.in/products/10-in-1-changeable-bangles?variant=gid://shopify/ProductVariant/48422119506142
2026-07-21 13:17:11,GJ Polish Designer Bracelets in 4 Styles (Price for Each),2,1640,1299.0,Sale,1,4,3,https://www.daivik.in/products/gj-polish-designer-bracelets-in-4-styles-price-for-each?variant=gid://shopify/ProductVariant/47250092556510
2026-07-21 13:47:08,AD Lakshmi Necklace with Earrings,Default Title,118,2199.0,Sale,1,2,1,https://www.daivik.in/products/1-1?variant=gid://shopify/ProductVariant/42679268770014
2026-07-21 13:47:08,AD Polish Hipbelt in 2 colours,Ruby,501,6999.0,Sale,1,11,10,https://www.daivik.in/products/a-69?variant=gid://shopify/ProductVariant/44158514069726
2026-07-21 14:02:45,Simple Kemp Choker Necklace in 5 variants,Ruby green,911,1299.0,Sale,1,9,8,https://www.daivik.in/products/simple-kemp-choker-necklace-in-5-variants?variant=gid://shopify/ProductVariant/41372165898393
2026-07-21 14:02:45,Simple Copper Pearl Necklace with Earrings,Default Title,855,999.0,Sale,1,53,52,https://www.daivik.in/products/simple-copper-pearl-necklace-with-earrings?variant=gid://shopify/ProductVariant/45158978093278
2026-07-21 14:02:45,Antique Lakshmi Jada Billa (Price for 1 pc),Default Title,1918,499.0,Sale,1,23,22,https://www.daivik.in/products/antique-lakshmi-jada-billa-price-for-1-pc?variant=gid://shopify/ProductVariant/48378829111518
2026-07-21 14:17:20,AD Diamond look alike Necklace and Earrings In 2 colors (Prices for each),White,528,1699.0,Sale,1,3,2,https://www.daivik.in/products/ad-diamond-look-alike-smaller-necklace-and-earrings-in-2-colors-prices-for-each?variant=gid://shopify/ProductVariant/44408679039198
2026-07-21 14:47:15,"Mango Lakshmi Short and Long Coin Necklace with Earrings (Separate Prices for Short, Long and Combo)",Combo,687,1799.0,Sale,1,41,40,https://www.daivik.in/products/mango-lakshmi-short-and-long-coin-necklace-with-earrings?variant=gid://shopify/ProductVariant/47005411377374
2026-07-21 15:02:43,Simple Leaf Invisible Chain,Default Title,377,499.0,Sale,1,15,14,https://www.daivik.in/products/simple-leaf-invisible-chain?variant=gid://shopify/ProductVariant/48434484150494
2026-07-21 15:32:28,Simple and small kemp Jhumkas,Default Title,907,999.0,Sale,1,10,9,https://www.daivik.in/products/simple-and-small-kemp-jhumkas?variant=gid://shopify/ProductVariant/41347627843737
2026-07-21 15:32:28,Peacock Jhumkas with Golden beads Mattal,Default Title,414,2299.0,Sale,1,5,4,https://www.daivik.in/products/peacock-jhumkas-with-golden-beads-mattal?variant=gid://shopify/ProductVariant/45443238002910
2026-07-21 15:32:28,Elegant Bloomed Jasmine Flower Artificial Gajra,8 Inches String - Half Moolam,3502,1299.0,Sale,1,16,15,https://www.daivik.in/products/elegant-bloomed-jasmine-flower-artificial-gajra-16-inches?variant=gid://shopify/ProductVariant/47542601154782
2026-07-21 15:32:28,Trisha Mam Inspired AD Necklace with Earrings in Two Colors (Price for Each),Ruby,975,1299.0,Sold Out,1,1,0,https://www.daivik.in/products/trisha-mam-inspired-ad-necklace-with-earrings-in-two-colors-price-for-each?variant=gid://shopify/ProductVariant/48417802584286
2026-07-21 16:17:23,Victorian Zirconium choker necklace with earrings (price for each ),Green,681,7999.0,Sale,1,2,1,https://www.daivik.in/products/a-40?variant=gid://shopify/ProductVariant/44127128191198
2026-07-21 16:17:23,Pearl Victorian Choker with earrings,Default Title,75,4199.0,Sale,1,51,50,https://www.daivik.in/products/a-75?variant=gid://shopify/ProductVariant/44172631015646
2026-07-21 16:17:23,Pure Kemp Brass Lotus Choti,Default Title,1846,999.0,Sale,1,36,35,https://www.daivik.in/products/pure-kemp-brass-lotus-choti-1?variant=gid://shopify/ProductVariant/48049628709086
2026-07-21 16:32:22,Cluster Pearl Necklace with earrings ( Price for each),Golden Pearl,257,1499.0,Sale,1,29,28,https://www.daivik.in/products/a-2?variant=gid://shopify/ProductVariant/44437456486622
2026-07-21 16:32:22,Heritage Watch Bracelet,Default Title,4024,3199.0,Sale,1,38,37,https://www.daivik.in/products/heritage-watch-bracelet-5?variant=gid://shopify/ProductVariant/48128940572894
